skill,category
SAP,ERP/CRM & Enterprise Systems
SAP S/4HANA,ERP/CRM & Enterprise Systems
SAP ECC,ERP/CRM & Enterprise Systems
SAP FICO,ERP/CRM & Enterprise Systems
SAP MM,ERP/CRM & Enterprise Systems
SAP SD,ERP/CRM & Enterprise Systems
SAP ABAP,ERP/CRM & Enterprise Systems
SAP BW,ERP/CRM & Enterprise Systems
SAP HANA,ERP/CRM & Enterprise Systems
SAP SuccessFactors,ERP/CRM & Enterprise Systems
Oracle ERP,ERP/CRM & Enterprise Systems
Oracle Fusion,ERP/CRM & Enterprise Systems
Oracle E-Business Suite,ERP/CRM & Enterprise Systems
Oracle NetSuite,ERP/CRM & Enterprise Systems
Microsoft Dynamics 365,ERP/CRM & Enterprise Systems
Dynamics CRM,ERP/CRM & Enterprise Systems
Dynamics Finance and Operations,ERP/CRM & Enterprise Systems
Salesforce,ERP/CRM & Enterprise Systems
Salesforce CRM,ERP/CRM & Enterprise Systems
Salesforce Apex,ERP/CRM & Enterprise Systems
Salesforce Lightning,ERP/CRM & Enterprise Systems
Salesforce Flow,ERP/CRM & Enterprise Systems
Salesforce Service Cloud,ERP/CRM & Enterprise Systems
Salesforce Sales Cloud,ERP/CRM & Enterprise Systems
Salesforce Marketing Cloud,ERP/CRM & Enterprise Systems
HubSpot CRM,ERP/CRM & Enterprise Systems
HubSpot Marketing Hub,ERP/CRM & Enterprise Systems
HubSpot Sales Hub,ERP/CRM & Enterprise Systems
Zoho CRM,ERP/CRM & Enterprise Systems
SugarCRM,ERP/CRM & Enterprise Systems
Pega,ERP/CRM & Enterprise Systems
ServiceNow,ERP/CRM & Enterprise Systems
Workday,ERP/CRM & Enterprise Systems
PeopleSoft,ERP/CRM & Enterprise Systems
JD Edwards,ERP/CRM & Enterprise Systems
Infor ERP,ERP/CRM & Enterprise Systems
Epicor ERP,ERP/CRM & Enterprise Systems
Odoo,ERP/CRM & Enterprise Systems
ERPNext,ERP/CRM & Enterprise Systems
CRM Administration,ERP/CRM & Enterprise Systems
ERP Implementation,ERP/CRM & Enterprise Systems
ERP Migration,ERP/CRM & Enterprise Systems
Business Process Management,ERP/CRM & Enterprise Systems
Business Process Automation,ERP/CRM & Enterprise Systems
Master Data Management,ERP/CRM & Enterprise Systems
Enterprise Architecture,ERP/CRM & Enterprise Systems
Enterprise Integration,ERP/CRM & Enterprise Systems
Enterprise Resource Planning,ERP/CRM & Enterprise Systems
Customer Relationship Management,ERP/CRM & Enterprise Systems
IT Service Management,ERP/CRM & Enterprise Systems
Change Management,ERP/CRM & Enterprise Systems
Workflow Automation,ERP/CRM & Enterprise Systems
Enterprise Reporting,ERP/CRM & Enterprise Systems
Power Platform,ERP/CRM & Enterprise Systems
Power Apps,ERP/CRM & Enterprise Systems
Power Automate,ERP/CRM & Enterprise Systems
Power BI Service,ERP/CRM & Enterprise Systems
Microsoft Dataverse,ERP/CRM & Enterprise Systems
Business Central,ERP/CRM & Enterprise Systems